{
  "base": {
    "BLEU": 0.0299490231796998,
    "ROUGE-L": 0.2276106573881197,
    "Exact_Match": 0.0,
    "BERTScore": 0.8853839772939682,
    "F1+EM": {
      "exact_match": 0.0,
      "f1": 23.42301394714915
    }
  },
  "fine_tuned": {
    "BLEU": 0.09255312184897302,
    "ROUGE-L": 0.3285136028270364,
    "Exact_Match": 0.0,
    "BERTScore": 0.8962197959423065,
    "F1+EM": {
      "exact_match": 0.0,
      "f1": 30.31865524469108
    }
  }
}