{
  "base": {
    "BLEU": 0.028719131619127255,
    "ROUGE-L": 0.22780177228503534,
    "Exact_Match": 0.0,
    "BERTScore": 0.8858197575807571,
    "F1+EM": {
      "exact_match": 0.0,
      "f1": 23.75537866139124
    }
  },
  "fine_tuned": {
    "BLEU": 0.1003852617510709,
    "ROUGE-L": 0.3349845956764994,
    "Exact_Match": 0.0,
    "BERTScore": 0.8964263153076172,
    "F1+EM": {
      "exact_match": 0.0,
      "f1": 31.918780666400085
    }
  }
}